{
  "accuracy": 0.6634615384615384,
  "precision": 0.6862745098039216,
  "recall": 0.6481481481481481,
  "f1": 0.6666666666666666,
  "confusion_matrix": [
    [
      34,
      16
    ],
    [
      19,
      35
    ]
  ]
}