rmse_log,baseline_rmse_log,r2,accuracy,precision,recall,f1
1.5206018130585683,1.4829780232989842,-0.05203617138545891,0.6634615384615384,0.6862745098039216,0.6481481481481481,0.6666666666666666
