{
  "rmse_log": 1.5206018130585683,
  "r2": -0.05203617138545891,
  "baseline_rmse_log": 1.4829780232989842
}